<?xml version="1.0" encoding="utf-8" standalone="no"?>
<!DOCTYPE gsa-template
        PUBLIC "-//Art Technology Group, Inc.//DTD General SQL Adapter//EN"
        "http://www.atg.com/dtds/gsa/gsa_1.0.dtd">
<gsa-template>
    <add-item item-descriptor="review" id="1">
        <set-property name="reviewText" value="Fantastic product!"/>
        <set-property name="rating" value="Excellent"/>
        <set-property name="reviewDate" value="2015-01-21 00:00:00"/>
        <set-property name="authorName" value="John Doe"/>
        <set-property name="daysUsed" value="7"/>
    </add-item>
    <add-item item-descriptor="review" id="2">
        <set-property name="reviewText" value="I am happy with it"/>
        <set-property name="rating" value="Good"/>
        <set-property name="reviewDate" value="2015-02-02 00:00:00"/>
        <set-property name="authorName" value="Mike Smith"/>
        <set-property name="daysUsed" value="3"/>
    </add-item>
    <add-item item-descriptor="review" id="3">
        <set-property name="reviewText" value="No complains"/>
        <set-property name="rating" value="Satisfactory"/>
        <set-property name="reviewDate" value="2015-01-21 00:00:00"/>
        <set-property name="authorName" value="Kevin R"/>
    </add-item>
    <add-item item-descriptor="review" id="4">
        <set-property name="reviewText" value="Does not worth its price"/>
        <set-property name="rating" value="Bad"/>
        <set-property name="reviewDate" value="2015-01-27 00:00:00"/>
        <set-property name="daysUsed" value="3"/>
    </add-item>
    <add-item item-descriptor="review" id="5">
        <set-property name="reviewText" value="Awful quality!"/>
        <set-property name="rating" value="Terrible"/>
        <set-property name="reviewDate" value="2015-01-24 00:00:00"/>
    </add-item>
    <add-item item-descriptor="review" id="6">
        <set-property name="reviewText" value="It’s OK"/>
        <set-property name="rating" value="Satisfactory"/>
        <set-property name="reviewDate" value="2014-01-14 00:00:00"/>
        <set-property name="authorName" value="Colin C"/>
        <set-property name="daysUsed" value="2"/>
    </add-item>
    <add-item item-descriptor="review" id="7">
        <set-property name="reviewText" value="Yet another review"/>
        <set-property name="rating" value="Excellent"/>
        <set-property name="reviewDate" value="2014-01-04 00:00:00"/>
        <set-property name="authorName" value="Jimi P"/>
        <set-property name="daysUsed" value="1"/>
    </add-item>
    <add-item item-descriptor="review" id="8">
        <set-property name="reviewText" value="Strong and robust"/>
        <set-property name="rating" value="Satisfactory"/>
        <set-property name="reviewDate" value="2015-01-20 00:00:00"/>
        <set-property name="daysUsed" value="5"/>
    </add-item>
</gsa-template>