<?xml version="1.0" encoding="utf-8" standalone="no"?>
<!DOCTYPE gsa-template
        PUBLIC "-//Art Technology Group, Inc.//DTD General SQL Adapter//EN"
        "http://www.atg.com/dtds/gsa/gsa_1.0.dtd">
<gsa-template>
    <query-items item-descriptor="review">ALL</query-items>

    <query-items item-descriptor="review">id="3"</query-items>

    <query-items item-descriptor="review">rating="4" OR rating="5"</query-items>

    <query-items item-descriptor="review">reviewDate >= date("2015-02-01") AND date("2015-03-01") > reviewDate
    </query-items>

    <query-items item-descriptor="review">NOT authorName IS NULL</query-items>

    <query-items item-descriptor="review">daysUsed >= "3"</query-items>

    <query-items item-descriptor="review">authorName IS NULL OR daysUsed IS NULL</query-items>
</gsa-template>