<?xml version="1.0" encoding="utf-8" standalone="no"?>
<!DOCTYPE gsa-template
        PUBLIC "-//Art Technology Group, Inc.//DTD General SQL Adapter//EN"
        "http://www.atg.com/dtds/gsa/gsa_1.0.dtd">
<gsa-template>
    <item-descriptor name="review">
        <table name="REVIEW" id-column-names="id" type="primary">
            <property name="id" column-name="id" data-type="string" required="true">
                <attribute name="unique" value="true"/>
            </property>
            <property name="reviewText" column-name="reviewText" data-type="string" required="true"/>
            <property name="rating" column-name="rating" data-type="enumerated" required="true">
                <option value="1=Terrible"/>
                <option value="2=Bad"/>
                <option value="3=Satisfactory"/>
                <option value="4=Good"/>
                <option value="5=Excellent"/>
            </property>
            <property name="reviewDate" column-name="reviewDate" data-type="timestamp" required="true"/>
            <property name="authorName" column-name="authorName" data-type="string"/>
            <property name="daysUsed" column-name="daysUsed" data-type="int"/>
        </table>
    </item-descriptor>

    <transaction>
        <remove-item item-descriptor="review" id="2"/>
        <remove-item item-descriptor="review" id="3"/>
        <remove-item item-descriptor="review" id="4"/>
        <remove-item item-descriptor="review" id="7"/>
    </transaction>
</gsa-template>