<?xml version="1.0" encoding="UTF-8"?>

<!DOCTYPE gsa-template SYSTEM "dynamosystemresource:/atg/dtds/gsa/gsa_1.0.dtd">

<gsa-template>
    <item-descriptor name="order">
        <table name="order_precautions" type="auxiliary" id-column-name="order_id">
            <property name="licenseCheckRequired" column-name="licenseCheckRequired"
                      display-name="License check required"
                      data-type="boolean" default="false"/>
        </table>

        <table name="order_color" type="auxiliary" id-column-name="order_id">
            <property name="color" column-name="order_color"
                      display-name="Order color"
                      data-type="String" default="#0F0"/>
        </table>
    </item-descriptor>
</gsa-template>