<?xml version="1.0" encoding="utf-8" standalone="no"?>
<!DOCTYPE gsa-template
        PUBLIC "-//Art Technology Group, Inc.//DTD General SQL Adapter//EN"
        "http://www.atg.com/dtds/gsa/gsa_1.0.dtd">
<gsa-template>
    <print-item item-descriptor="review"/>

    <item-descriptor name="review" >
        <table name="REVIEW" id-column-names="id" type="primary">
            <property name="id" column-name="id" data-type="string" required="true">
                <attribute name="unique" value="true"/>
            </property>
            <property name="reviewText" column-name="reviewText" data-type="string" required="true"/>
            <property name="rating" column-name="rating" data-type="enumerated" required="true">
                <option value="Terrible" code="1"/>
                <option value="Bad" code="2"/>
                <option value="Satisfactory" code="3"/>
                <option value="Good" code="4"/>
                <option value="Excellent" code="5"/>
            </property>
            <property name="reviewDate" column-name="reviewDate" data-type="timestamp" required="true"/>
            <property name="authorName" column-name="authorName" data-type="string"/>
            <property name="daysUsed" column-name="daysUsed" data-type="int"/>
        </table>
    </item-descriptor>
</gsa-template>